id,hash,created_at
1,814a08e40d7fc2bcfd458759d18319198ca8ae394f2fa15617a78678e9c9c93b,1772498333648
2,8b28344b2995a15c0447a2afdd2f1214efce88ceef5727b37f245ef397ba87b5,1772498333669
3,42f2621d4063f6870a10d0c86ffbc20c601dfaee0fa0385603965d8bd7cfd5d3,1772498333681
4,da89299ef6709f930f708e38279a24bc6c774be553a985cea1327185a9b1cdc9,1772498333692
5,c46ed90fa390eb3545a44b1fc04b51d5c96b5ffcb5b6431b234164b31c3546b9,1772498333703
6,5983a36803a348615b0690ca4bfd2fd30b839193013055d491ef5618a6b97ab1,1772498333712
7,a67365de61b660551cb4eb060cc3ce08d3372d2c7bc735076ff1596324af01e3,1772498333722
8,4beef69e0ea36455ccc816954a007da63e8981ba1a16346d9adefd5602c0f354,1772498333733
9,4a3778b92d47d912493fd0774e985c8d8336a85e368a7e66584c31fe37bedf21,1772498333743
10,ef8af30a06676277dd47ae1b722f804920b0ded1f39d4e5ad7d3c2adefa36a6d,1772498333753
11,6d6676e5bd104fa7a768511a84fde03895841bf190ed1d637b864ac9e1633a2c,1772498333763
12,7f890f63de0f329d3cb97cbe355dd25909c6322133b275aa6b0f60e0fa040c59,1772498333773
13,082b6cd80d8feea252754d104a3d6230e3180ddb6e4f4c3ce6b15fffc5e0ff5c,1772498333784
14,cc6dfc22f8b5bce4473d927105f5d1f5c035a612c2fea1526447e8ef98a88df9,1772498333796
15,4cd7540da70e8347c2428dff4ffe4f78138fcdda8fc9205afccf0479a9209892,1772498333812
16,5124d8bcdb3675d5fac4e6ad25f9410627fef2aa4df1c0a7d40a836e5f7286be,1772498333822
17,5d189bb9446102c67492d3176d037523eab834477df52c60c37efa7968f925b0,1772498333833
18,5f8a12092535efbd673c88dfee7ed305788ec14eced94e808bc6e2f03fb267ed,1772498333842
19,79dc63c8da54a38cf7b8c4591fcd20c159fa981606d3d72e84277a9c39854b5b,1772498333851
20,19d1e6bd82f417aaba151eea89475d99b57d5d15dcd37dfe3799306c991f043a,1772498333867
21,7895933420a87a7e7be7e69d14ca82a79c8c7d94c6f73aaab373725c037ffcd4,1772498333877
22,bfe7737370c0bf9f50765b4023c252418a859a9588ca04db9fc90fe9035c942c,1772498333888
23,5e154f91baef1d444ac9f9963580f760a22ac22d48484bbf11365b522f00e4f7,1772498333901
24,f7a6dbc532a5c9bf519cc6d4903160079547d9eaa8c0e188bf00076f000cadd0,1772498333911
25,af9ed0285004cf8f4b37d1d453bcd693269b9f3b2b41cad34f5defb71dc58dfa,1772498333933
26,da1b047f6d8780e636434e4fbca08e14a35d21fa6e28c2865b48065d6d02658d,1772498333943
27,42ff0c42a33e6e7fc60770a88cf51e2b1fa896987ae483b1106cd4e135cf3be7,1772498333953
28,557216fbd1e943a2d5e1bdaebd2f337a57434977264c5084b3442180d67a17c9,1772498333970
29,a5b295e7fe0e1fdc3a6cfd101a806aa17935a26298789317a38b5f1a8fa61645,1772498333980
30,21721a1032446ca06578dad5baa66897905f51b9d12d51ae7b9dd1bf648fd06a,1772498333989
