id,scheduleId,memberId,eventDate,attack1Stars,attack1Missed,attack1Opponent,attack2Stars,attack2Missed,attack2Opponent,didNotAttack,previousValidStars,currentValidStars,createdBy,createdAt,updatedAt
1,30002,1,2025-12-30,3,0,,3,0,,0,0,0,1,2025-12-31 03:20:38,2025-12-31 03:20:38
2,30002,2,2025-12-30,2,0,,0,0,,0,0,0,1,2025-12-31 03:20:38,2025-12-31 03:20:38
3,30002,30001,2025-12-30,3,0,,3,0,,0,0,0,1,2025-12-31 03:20:38,2025-12-31 03:20:38
4,30002,30002,2025-12-30,3,0,,3,0,,0,0,0,1,2025-12-31 03:20:38,2025-12-31 03:20:38
5,30002,30003,2025-12-30,0,0,,0,0,,1,0,0,1,2025-12-31 03:20:38,2025-12-31 03:20:38
6,30002,30004,2025-12-30,3,0,,3,0,,0,0,0,1,2025-12-31 03:20:38,2025-12-31 03:20:38
7,30002,30005,2025-12-30,3,0,,3,0,,0,0,0,1,2025-12-31 03:20:38,2025-12-31 03:20:38
8,30002,30006,2025-12-30,3,1,,3,0,,0,0,0,1,2025-12-31 03:20:38,2026-01-01 20:47:49
9,30002,30007,2025-12-30,3,0,,3,1,,0,0,0,1,2025-12-31 03:20:39,2026-01-01 20:47:49
10,30002,30008,2025-12-30,3,0,,3,0,,0,0,0,1,2025-12-31 03:20:39,2025-12-31 03:32:25
11,30002,30009,2025-12-30,3,1,,0,0,,0,0,0,1,2025-12-31 03:20:39,2026-01-01 20:47:49
12,30002,30010,2025-12-30,3,0,,3,0,,0,0,0,1,2025-12-31 03:20:39,2025-12-31 03:32:25
13,30002,30011,2025-12-30,3,0,,0,0,,0,0,0,1,2025-12-31 03:20:39,2025-12-31 03:32:25
14,30002,30012,2025-12-30,3,1,,3,0,,0,0,0,1,2025-12-31 03:20:39,2026-01-01 20:47:49
15,30002,30013,2025-12-30,2,0,,3,0,,0,0,0,1,2025-12-31 03:20:39,2025-12-31 03:32:25
16,30002,30014,2025-12-30,3,0,,3,0,,0,0,0,1,2025-12-31 03:20:39,2025-12-31 03:32:25
17,30002,30017,2025-12-30,0,0,,0,0,,0,0,0,1,2025-12-31 03:20:39,2025-12-31 03:20:39
18,30002,30018,2025-12-30,3,0,,0,0,,0,0,0,1,2025-12-31 03:20:39,2025-12-31 03:32:25
19,30002,60002,2025-12-30,2,0,,3,1,,0,0,0,1,2025-12-31 03:20:39,2026-01-01 20:47:49
20,30002,90003,2025-12-30,0,0,,0,0,,1,0,0,1,2025-12-31 03:20:39,2025-12-31 03:32:25
30001,30002,60001,2025-12-30,3,0,,3,1,,0,0,0,1,2025-12-31 03:32:25,2026-01-01 20:47:49
30002,30001,1,2026-02-02,3,1,,3,0,,0,0,0,1,2025-12-31 03:36:01,2026-02-03 01:31:35
30003,30001,2,2026-02-02,1,0,,3,0,,0,0,0,1,2025-12-31 03:36:01,2026-02-03 01:31:35
30004,30001,30001,2026-02-02,3,0,,3,0,,0,0,0,1,2025-12-31 03:36:01,2026-02-03 01:31:35
30005,30001,30002,2026-02-02,3,0,,3,0,,0,0,0,1,2025-12-31 03:36:01,2026-02-03 01:31:35
30006,30001,30003,2026-02-02,3,0,,3,0,,0,0,0,1,2025-12-31 03:36:01,2026-02-03 01:31:35
30007,30001,30004,2026-02-02,3,1,,1,0,,0,0,0,1,2025-12-31 03:36:01,2026-02-03 01:31:35
30008,30001,30005,2025-12-29,3,0,,0,0,,0,0,0,1,2025-12-31 03:36:01,2025-12-31 03:36:01
30009,30001,30006,2026-02-02,3,0,,0,0,,0,0,0,1,2025-12-31 03:36:01,2026-02-03 01:31:35
30010,30001,30007,2025-12-29,1,0,,3,1,,0,0,0,1,2025-12-31 03:36:01,2026-01-01 20:46:13
30011,30001,30008,2026-02-02,0,0,,0,0,,1,0,0,1,2025-12-31 03:36:01,2026-02-03 01:31:35
30012,30001,30010,2026-02-02,3,0,,3,1,,0,0,0,1,2025-12-31 03:36:01,2026-02-03 01:31:35
30013,30001,30012,2026-02-02,3,1,,3,1,,0,0,0,1,2025-12-31 03:36:01,2026-02-03 01:31:35
30014,30001,30013,2026-02-02,3,0,,3,0,,0,0,0,1,2025-12-31 03:36:01,2026-02-03 01:31:35
30015,30001,30014,2026-02-02,3,0,,3,0,,0,0,0,1,2025-12-31 03:36:01,2026-02-03 01:31:35
30016,30001,30015,2025-12-29,3,1,,3,1,,0,0,0,1,2025-12-31 03:36:01,2026-01-01 20:46:13
30017,30001,30016,2025-12-29,3,1,,0,0,,0,0,0,1,2025-12-31 03:36:01,2026-01-01 20:46:13
30018,30001,30017,2025-12-29,3,0,,0,0,,0,0,0,1,2025-12-31 03:36:01,2025-12-31 03:36:01
30019,30001,30018,2026-02-02,3,1,,0,0,,0,0,0,1,2025-12-31 03:36:01,2026-02-03 01:31:35
30020,30001,60002,2026-02-02,2,0,,3,1,,0,0,0,1,2025-12-31 03:36:01,2026-02-03 01:31:35
30021,30001,60003,2025-12-29,3,1,,0,0,,0,0,0,1,2025-12-31 03:36:01,2026-01-01 20:46:13
30022,90001,1,2025-12-27,3,1,,0,0,,0,0,0,1,2025-12-31 03:41:06,2026-01-01 20:43:46
30023,90001,2,2025-12-27,0,0,,0,0,,1,0,0,1,2025-12-31 03:41:06,2025-12-31 03:41:06
30024,90001,30001,2025-12-27,3,1,,0,0,,0,0,0,1,2025-12-31 03:41:06,2026-01-01 20:43:47
30025,90001,30002,2025-12-27,3,1,,0,0,,0,0,0,1,2025-12-31 03:41:06,2026-01-01 20:43:47
30026,90001,30003,2025-12-27,3,1,,0,0,,0,0,0,1,2025-12-31 03:41:06,2026-01-01 20:43:47
30027,90001,30004,2025-12-27,3,1,,0,0,,0,0,0,1,2025-12-31 03:41:06,2026-01-01 20:43:47
30028,90001,30005,2025-12-27,0,0,,0,0,,1,0,0,1,2025-12-31 03:41:06,2025-12-31 03:41:06
30029,90001,30006,2025-12-27,0,0,,0,0,,1,0,0,1,2025-12-31 03:41:06,2025-12-31 03:41:06
30030,90001,30007,2025-12-27,0,0,,0,0,,1,0,0,1,2025-12-31 03:41:06,2025-12-31 03:41:06
30031,90001,30008,2025-12-27,0,0,,0,0,,1,0,0,1,2025-12-31 03:41:06,2025-12-31 03:41:06
30032,90001,30009,2025-12-27,0,0,,0,0,,1,0,0,1,2025-12-31 03:41:06,2025-12-31 03:41:06
30033,90001,30010,2025-12-27,0,0,,0,0,,1,0,0,1,2025-12-31 03:41:06,2025-12-31 03:41:06
30034,90001,30011,2025-12-27,3,1,,3,1,,0,0,0,1,2025-12-31 03:41:06,2026-01-01 20:43:47
30035,90001,30012,2025-12-27,0,0,,0,0,,1,0,0,1,2025-12-31 03:41:06,2025-12-31 03:41:06
30036,90001,30013,2025-12-27,3,1,,0,0,,0,0,0,1,2025-12-31 03:41:06,2026-01-01 20:43:47
30037,90001,30014,2025-12-27,3,1,,0,0,,0,0,0,1,2025-12-31 03:41:06,2026-01-01 20:43:47
30038,90001,30015,2025-12-27,3,1,,0,0,,0,0,0,1,2025-12-31 03:41:06,2026-01-01 20:43:47
30039,90001,30016,2025-12-27,3,1,,0,0,,0,0,0,1,2025-12-31 03:41:06,2026-01-01 20:43:47
30040,90001,30017,2025-12-27,0,0,,0,0,,1,0,0,1,2025-12-31 03:41:06,2025-12-31 03:41:06
30041,90001,30018,2025-12-27,0,0,,0,0,,1,0,0,1,2025-12-31 03:41:06,2025-12-31 03:41:06
60001,120005,1,2025-12-26,3,1,,3,0,,0,0,0,1,2025-12-31 04:01:53,2026-01-01 20:42:12
60002,120005,2,2025-12-26,3,0,,2,0,,0,0,0,1,2025-12-31 04:01:53,2025-12-31 04:04:02
60003,120005,30001,2025-12-26,3,0,,2,0,,0,0,0,1,2025-12-31 04:01:53,2025-12-31 04:04:02
60004,120005,30002,2025-12-26,3,0,,3,0,,0,0,0,1,2025-12-31 04:01:53,2025-12-31 04:04:02
60005,120005,30003,2025-12-26,3,0,,3,0,,0,0,0,1,2025-12-31 04:01:53,2025-12-31 04:04:02
60006,120005,30004,2025-12-26,1,0,,3,0,,0,0,0,1,2025-12-31 04:01:53,2025-12-31 04:04:02
60007,120005,30005,2025-12-26,3,0,,3,1,,0,0,0,1,2025-12-31 04:01:53,2026-01-01 20:42:13
60008,120005,30006,2025-12-26,3,0,,3,1,,0,0,0,1,2025-12-31 04:01:53,2026-01-01 20:42:13
60009,120005,30008,2025-12-26,3,0,,3,1,,0,0,0,1,2025-12-31 04:01:53,2026-01-01 20:42:13
60010,120005,30010,2025-12-26,3,1,,2,0,,0,0,0,1,2025-12-31 04:01:53,2026-01-01 20:42:13
60011,120005,30011,2025-12-26,1,0,,3,1,,0,0,0,1,2025-12-31 04:01:53,2026-01-01 20:42:13
60012,120005,30012,2025-12-26,3,0,,3,1,,0,0,0,1,2025-12-31 04:01:53,2026-01-01 20:42:13
60013,120005,30013,2025-12-26,3,0,,3,1,,0,0,0,1,2025-12-31 04:01:53,2026-01-01 20:42:13
60014,120005,30014,2025-12-26,3,1,,3,0,,0,0,0,1,2025-12-31 04:01:53,2026-01-01 20:42:13
60015,120005,30016,2025-12-26,3,1,,0,0,,0,0,0,1,2025-12-31 04:01:53,2026-01-01 20:42:13
60016,120005,30018,2025-12-26,3,0,,0,0,,0,0,0,1,2025-12-31 04:01:53,2025-12-31 04:04:02
60017,120005,60001,2025-12-26,0,0,,0,0,,1,0,0,1,2025-12-31 04:01:53,2025-12-31 04:01:53
60018,120005,60002,2025-12-26,0,0,,0,0,,1,0,0,1,2025-12-31 04:01:53,2025-12-31 04:01:53
60019,120005,60003,2025-12-26,0,0,,0,0,,1,0,0,1,2025-12-31 04:01:53,2025-12-31 04:01:53
60020,120005,120001,2025-12-26,0,0,,0,0,,1,0,0,1,2025-12-31 04:01:53,2025-12-31 04:01:53
60021,120001,1,2025-12-22,3,1,,3,1,,0,0,0,1,2025-12-31 04:06:02,2026-01-01 20:35:25
60022,120001,2,2025-12-22,3,1,,0,0,,0,0,0,1,2025-12-31 04:06:02,2026-01-01 20:35:25
60023,120001,30001,2025-12-22,3,0,,3,1,,0,0,0,1,2025-12-31 04:06:02,2026-01-01 20:35:25
60024,120001,30002,2025-12-22,3,0,,0,0,,0,0,0,1,2025-12-31 04:06:02,2025-12-31 04:06:02
60025,120001,30003,2025-12-22,3,0,,3,0,,0,0,0,1,2025-12-31 04:06:02,2025-12-31 04:06:02
60026,120001,30004,2025-12-22,3,0,,3,1,,0,0,0,1,2025-12-31 04:06:02,2026-01-01 20:35:25
60027,120001,30005,2025-12-22,3,1,,0,0,,0,0,0,1,2025-12-31 04:06:02,2026-01-01 20:35:25
60028,120001,30006,2025-12-22,3,1,,3,1,,0,0,0,1,2025-12-31 04:06:02,2026-01-01 20:35:25
60029,120001,30007,2025-12-22,3,0,,3,1,,0,0,0,1,2025-12-31 04:06:02,2026-01-01 20:35:25
60030,120001,30008,2025-12-22,0,0,,0,0,,1,0,0,1,2025-12-31 04:06:02,2025-12-31 04:06:02
60031,120001,30009,2025-12-22,3,1,,0,0,,0,0,0,1,2025-12-31 04:06:02,2026-01-01 20:35:25
60032,120001,30010,2025-12-22,1,0,,0,0,,0,0,0,1,2025-12-31 04:06:02,2025-12-31 04:06:02
60033,120001,30011,2025-12-22,3,1,,3,1,,0,0,0,1,2025-12-31 04:06:02,2026-01-01 20:35:25
60034,120001,30012,2025-12-22,3,1,,0,0,,0,0,0,1,2025-12-31 04:06:02,2026-01-01 20:35:25
60035,120001,30013,2025-12-22,3,1,,3,1,,0,0,0,1,2025-12-31 04:06:02,2026-01-01 20:35:25
60036,120001,30014,2025-12-22,3,1,,0,0,,0,0,0,1,2025-12-31 04:06:02,2026-01-01 20:35:25
60037,120001,30016,2025-12-22,3,0,,0,0,,0,0,0,1,2025-12-31 04:06:02,2025-12-31 04:06:02
60038,120001,30018,2025-12-22,2,0,,0,0,,0,0,0,1,2025-12-31 04:06:02,2025-12-31 04:06:02
60039,120001,60001,2025-12-22,3,1,,0,0,,0,0,0,1,2025-12-31 04:06:02,2026-01-01 20:35:25
60040,120001,90003,2025-12-22,3,1,,3,1,,0,0,0,1,2025-12-31 04:06:02,2026-01-01 20:35:25
60041,120002,1,2025-12-23,3,0,,0,0,,0,0,0,1,2025-12-31 04:09:39,2025-12-31 04:09:39
60042,120002,2,2025-12-23,0,0,,0,0,,1,0,0,1,2025-12-31 04:09:39,2025-12-31 04:09:39
60043,120002,30001,2025-12-23,3,0,,3,0,,0,0,0,1,2025-12-31 04:09:39,2025-12-31 04:09:39
60044,120002,30002,2025-12-23,3,0,,3,0,,0,0,0,1,2025-12-31 04:09:39,2025-12-31 04:09:39
60045,120002,30003,2025-12-23,0,0,,0,0,,0,0,0,1,2025-12-31 04:09:39,2025-12-31 04:09:39
60046,120002,30004,2025-12-23,3,0,,3,0,,0,0,0,1,2025-12-31 04:09:39,2025-12-31 04:09:39
60047,120002,30005,2025-12-23,0,0,,0,0,,1,0,0,1,2025-12-31 04:09:39,2025-12-31 04:09:39
60048,120002,30006,2025-12-23,3,0,,3,0,,0,0,0,1,2025-12-31 04:09:39,2025-12-31 04:09:39
60049,120002,30007,2025-12-23,0,0,,0,0,,1,0,0,1,2025-12-31 04:09:39,2025-12-31 04:09:39
60050,120002,30008,2025-12-23,3,0,,3,0,,0,0,0,1,2025-12-31 04:09:39,2025-12-31 04:09:39
60051,120002,30009,2025-12-23,0,0,,0,0,,1,0,0,1,2025-12-31 04:09:39,2025-12-31 04:09:39
60052,120002,30010,2025-12-23,3,0,,3,0,,0,0,0,1,2025-12-31 04:09:39,2025-12-31 04:09:39
60053,120002,30011,2025-12-23,3,0,,3,0,,0,0,0,1,2025-12-31 04:09:39,2025-12-31 04:09:39
60054,120002,30012,2025-12-23,3,0,,0,0,,0,0,0,1,2025-12-31 04:09:39,2025-12-31 04:09:39
60055,120002,30013,2025-12-23,3,0,,3,0,,0,0,0,1,2025-12-31 04:09:39,2025-12-31 04:09:39
60056,120002,30014,2025-12-23,3,0,,3,0,,0,0,0,1,2025-12-31 04:09:39,2025-12-31 04:09:39
60057,120002,30016,2025-12-23,3,0,,3,0,,0,0,0,1,2025-12-31 04:09:39,2025-12-31 04:09:39
60058,120002,30018,2025-12-23,0,0,,0,0,,1,0,0,1,2025-12-31 04:09:39,2025-12-31 04:09:39
60059,120002,60001,2025-12-23,3,0,,3,0,,0,0,0,1,2025-12-31 04:09:39,2025-12-31 04:09:39
60060,120002,90003,2025-12-23,3,0,,3,0,,0,0,0,1,2025-12-31 04:09:39,2025-12-31 04:09:39
60061,120003,1,2025-12-24,3,0,,3,0,,0,0,0,1,2025-12-31 04:12:45,2025-12-31 04:12:45
60062,120003,2,2025-12-24,0,0,,0,0,,1,0,0,1,2025-12-31 04:12:45,2025-12-31 04:12:45
60063,120003,30001,2025-12-24,3,0,,3,0,,0,0,0,1,2025-12-31 04:12:45,2025-12-31 04:12:45
60064,120003,30002,2025-12-24,3,0,,3,0,,0,0,0,1,2025-12-31 04:12:45,2025-12-31 04:12:45
60065,120003,30003,2025-12-24,3,0,,3,0,,0,0,0,1,2025-12-31 04:12:45,2025-12-31 04:12:45
60066,120003,30004,2025-12-24,3,0,,3,0,,0,0,0,1,2025-12-31 04:12:45,2025-12-31 04:12:45
60067,120003,30005,2025-12-24,0,0,,0,0,,1,0,0,1,2025-12-31 04:12:45,2025-12-31 04:12:45
60068,120003,30006,2025-12-24,0,0,,0,0,,1,0,0,1,2025-12-31 04:12:45,2025-12-31 04:12:45
60069,120003,30007,2025-12-24,0,0,,0,0,,1,0,0,1,2025-12-31 04:12:45,2025-12-31 04:12:45
60070,120003,30008,2025-12-24,3,0,,3,0,,0,0,0,1,2025-12-31 04:12:45,2025-12-31 04:12:45
60071,120003,30009,2025-12-24,3,0,,0,0,,0,0,0,1,2025-12-31 04:12:45,2025-12-31 04:12:45
60072,120003,30010,2025-12-24,3,0,,3,0,,0,0,0,1,2025-12-31 04:12:45,2025-12-31 04:12:45
60073,120003,30011,2025-12-24,3,0,,3,1,,0,0,0,1,2025-12-31 04:12:45,2026-01-01 20:38:02
60074,120003,30012,2025-12-24,3,0,,0,0,,0,0,0,1,2025-12-31 04:12:45,2025-12-31 04:12:45
60075,120003,30013,2025-12-24,3,0,,3,0,,0,0,0,1,2025-12-31 04:12:45,2025-12-31 04:12:45
60076,120003,30014,2025-12-24,3,0,,3,0,,0,0,0,1,2025-12-31 04:12:45,2025-12-31 04:12:45
60077,120003,30016,2025-12-24,3,0,,0,0,,0,0,0,1,2025-12-31 04:12:45,2025-12-31 04:12:45
60078,120003,30018,2025-12-24,3,0,,0,0,,0,0,0,1,2025-12-31 04:12:45,2025-12-31 04:12:45
60079,120003,60001,2025-12-24,3,0,,0,0,,0,0,0,1,2025-12-31 04:12:45,2025-12-31 04:12:45
60080,120003,90003,2025-12-24,3,1,,2,0,,0,0,0,1,2025-12-31 04:12:45,2026-01-01 20:38:03
60081,120004,1,2025-12-25,3,0,,3,0,,0,0,0,1,2025-12-31 04:15:45,2025-12-31 04:15:45
60082,120004,2,2025-12-25,3,0,,2,0,,0,0,0,1,2025-12-31 04:15:45,2025-12-31 04:15:45
60083,120004,30001,2025-12-25,3,0,,0,0,,0,0,0,1,2025-12-31 04:15:45,2025-12-31 04:15:45
60084,120004,30002,2025-12-25,3,1,,3,0,,0,0,0,1,2025-12-31 04:15:45,2026-01-01 20:40:11
60085,120004,30003,2025-12-25,3,0,,3,0,,0,0,0,1,2025-12-31 04:15:45,2025-12-31 04:15:45
60086,120004,30004,2025-12-25,3,0,,2,0,,0,0,0,1,2025-12-31 04:15:45,2025-12-31 04:15:45
60087,120004,30005,2025-12-25,3,0,,3,1,,0,0,0,1,2025-12-31 04:15:45,2026-01-01 20:40:11
60088,120004,30006,2025-12-25,3,0,,0,0,,0,0,0,1,2025-12-31 04:15:45,2025-12-31 04:15:45
60089,120004,30008,2025-12-25,0,0,,0,0,,1,0,0,1,2025-12-31 04:15:45,2025-12-31 04:15:45
60090,120004,30009,2025-12-25,2,0,,0,0,,0,0,0,1,2025-12-31 04:15:45,2025-12-31 04:15:45
60091,120004,30010,2025-12-25,3,0,,2,0,,0,0,0,1,2025-12-31 04:15:45,2025-12-31 04:15:45
60092,120004,30011,2025-12-25,3,0,,3,1,,0,0,0,1,2025-12-31 04:15:45,2026-01-01 20:40:11
60093,120004,30012,2025-12-25,3,0,,3,0,,0,0,0,1,2025-12-31 04:15:45,2025-12-31 04:15:45
60094,120004,30013,2025-12-25,3,0,,3,1,,0,0,0,1,2025-12-31 04:15:45,2026-01-01 20:40:11
60095,120004,30014,2025-12-25,3,1,,3,0,,0,0,0,1,2025-12-31 04:15:45,2026-01-01 20:40:11
60096,120004,30015,2025-12-25,3,0,,2,0,,0,0,0,1,2025-12-31 04:15:45,2025-12-31 04:15:45
60097,120004,30018,2025-12-25,3,0,,3,1,,0,0,0,1,2025-12-31 04:15:45,2026-01-01 20:40:11
60098,120004,60001,2025-12-25,0,0,,0,0,,1,0,0,1,2025-12-31 04:15:46,2025-12-31 04:15:46
60099,120004,60003,2025-12-25,3,0,,3,1,,0,0,0,1,2025-12-31 04:15:46,2026-01-01 20:40:11
60100,120004,90003,2025-12-25,0,0,,0,0,,1,0,0,1,2025-12-31 04:15:46,2025-12-31 04:15:46
90001,150001,1,2025-12-31,3,0,,0,0,,0,0,0,1,2025-12-31 19:14:54,2026-01-01 20:50:43
90002,150001,2,2025-12-31,3,1,,3,1,,0,0,0,1,2025-12-31 19:14:54,2026-01-01 20:50:43
90003,150001,30001,2025-12-31,3,0,,3,1,,0,0,0,1,2025-12-31 19:14:54,2026-01-01 20:50:43
90004,150001,30002,2025-12-31,2,0,,2,0,,0,0,0,1,2025-12-31 19:14:54,2026-01-01 20:50:43
90005,150001,30003,2025-12-31,3,1,,3,1,,0,0,0,1,2025-12-31 19:14:54,2026-01-01 20:50:43
90006,150001,30004,2025-12-31,3,1,,0,0,,0,0,0,1,2025-12-31 19:14:54,2026-01-01 20:50:43
90007,150001,30005,2025-12-31,3,1,,0,0,,0,0,0,1,2025-12-31 19:14:54,2026-01-01 20:50:44
90008,150001,30006,2025-12-31,0,0,,0,0,,1,0,0,1,2025-12-31 19:14:54,2026-01-01 20:50:44
90009,150001,30007,2025-12-31,0,0,,0,0,,1,0,0,1,2025-12-31 19:14:54,2026-01-01 20:50:44
90010,150001,30008,2025-12-31,3,1,,0,0,,0,0,0,1,2025-12-31 19:14:54,2026-01-01 20:50:44
90011,150001,30009,2025-12-31,3,1,,0,0,,0,0,0,1,2025-12-31 19:14:54,2026-01-01 20:50:44
90012,150001,30010,2025-12-31,0,0,,0,0,,0,0,0,1,2025-12-31 19:14:54,2026-01-01 01:31:00
90013,150001,30011,2025-12-31,1,0,,3,1,,0,0,0,1,2025-12-31 19:14:54,2026-01-01 20:50:44
90014,150001,30012,2025-12-31,3,1,,0,0,,0,0,0,1,2025-12-31 19:14:55,2026-01-01 20:50:44
90015,150001,30013,2025-12-31,3,1,,0,0,,0,0,0,1,2025-12-31 19:14:55,2026-01-01 20:50:44
90016,150001,30014,2025-12-31,3,1,,0,0,,0,0,0,1,2025-12-31 19:14:55,2026-01-01 20:50:44
90017,150001,30016,2025-12-31,3,1,,0,0,,0,0,0,1,2025-12-31 19:14:55,2026-01-01 20:50:44
90018,150001,30018,2025-12-31,0,0,,0,0,,1,0,0,1,2025-12-31 19:14:55,2026-01-01 20:50:44
90019,150001,60001,2025-12-31,3,1,,0,0,,0,0,0,1,2025-12-31 19:14:55,2026-01-01 20:50:44
90020,150001,90020,2025-12-31,3,1,,3,1,,0,0,0,1,2025-12-31 19:14:55,2026-01-01 20:50:44
120001,210001,1,2026-01-01,3,0,,3,0,,0,0,0,1,2026-01-01 20:54:37,2026-01-02 02:57:16
120002,210001,2,2026-01-01,3,0,,2,0,,0,0,0,1,2026-01-01 20:54:37,2026-01-02 02:57:16
120003,210001,30001,2026-01-01,3,0,,3,0,,0,0,0,1,2026-01-01 20:54:37,2026-01-01 20:54:37
120004,210001,30002,2026-01-01,3,0,,3,0,,0,0,0,1,2026-01-01 20:54:37,2026-01-01 20:54:37
120005,210001,30003,2026-01-01,3,0,,3,0,,0,0,0,1,2026-01-01 20:54:37,2026-01-02 02:57:16
120006,210001,30004,2026-01-01,3,0,,0,0,,0,0,0,1,2026-01-01 20:54:37,2026-01-02 02:57:16
120007,210001,30005,2026-01-01,3,0,,3,0,,0,0,0,1,2026-01-01 20:54:37,2026-01-02 02:57:16
120008,210001,30006,2026-01-01,3,0,,3,0,,0,0,0,1,2026-01-01 20:54:37,2026-01-01 20:54:37
120009,210001,30007,2026-01-01,3,0,,3,1,,0,0,0,1,2026-01-01 20:54:37,2026-01-02 02:57:16
120010,210001,30008,2026-01-01,3,0,,0,0,,0,0,0,1,2026-01-01 20:54:37,2026-01-02 02:57:16
120011,210001,30010,2026-01-01,3,0,,3,0,,0,0,0,1,2026-01-01 20:54:37,2026-01-01 20:55:16
120012,210001,30011,2026-01-01,3,0,,3,0,,0,0,0,1,2026-01-01 20:54:38,2026-01-02 02:57:16
120013,210001,30012,2026-01-01,3,0,,3,0,,0,0,0,1,2026-01-01 20:54:38,2026-01-01 20:55:16
120014,210001,30013,2026-01-01,3,0,,3,0,,0,0,0,1,2026-01-01 20:54:38,2026-01-01 20:55:16
120015,210001,30014,2026-01-01,3,0,,3,0,,0,0,0,1,2026-01-01 20:54:38,2026-01-01 20:55:16
120016,210001,30015,2026-01-01,2,0,,3,1,,0,0,0,1,2026-01-01 20:54:38,2026-01-02 02:57:16
120017,210001,30017,2026-01-01,3,0,,2,0,,0,0,0,1,2026-01-01 20:54:38,2026-01-02 02:57:16
120018,210001,30018,2026-01-01,3,0,,0,0,,0,0,0,1,2026-01-01 20:54:38,2026-01-01 20:55:16
120019,210001,60001,2026-01-01,3,0,,3,1,,0,0,0,1,2026-01-01 20:54:38,2026-01-01 20:54:38
120020,210001,90003,2026-01-01,0,0,,0,0,,1,0,0,1,2026-01-01 20:54:38,2026-01-01 20:55:34
150001,240001,1,2026-01-02,0,0,,0,0,,0,0,0,1,2026-01-02 22:36:16,2026-01-02 22:36:16
150002,240001,2,2026-01-02,0,0,,0,0,,0,0,0,1,2026-01-02 22:36:16,2026-01-02 22:36:16
150003,240001,30001,2026-01-02,0,0,,0,0,,0,0,0,1,2026-01-02 22:36:16,2026-01-02 22:36:16
150004,240001,30002,2026-01-02,0,0,,0,0,,0,0,0,1,2026-01-02 22:36:16,2026-01-02 22:36:16
150005,240001,30003,2026-01-02,0,0,,0,0,,0,0,0,1,2026-01-02 22:36:16,2026-01-02 22:36:16
150006,240001,30004,2026-01-02,0,0,,0,0,,0,0,0,1,2026-01-02 22:36:16,2026-01-02 22:36:16
150007,240001,30005,2026-01-02,0,0,,0,0,,1,0,0,1,2026-01-02 22:36:16,2026-01-02 22:37:20
150008,240001,30006,2026-01-02,0,0,,0,0,,1,0,0,1,2026-01-02 22:36:16,2026-01-02 22:37:20
150009,240001,30007,2026-01-02,0,0,,0,0,,1,0,0,1,2026-01-02 22:36:16,2026-01-02 22:36:16
150010,240001,30008,2026-01-02,0,0,,0,0,,0,0,0,1,2026-01-02 22:36:16,2026-01-02 22:36:16
150011,240001,30010,2026-01-02,0,0,,0,0,,0,0,0,1,2026-01-02 22:36:16,2026-01-02 22:36:16
150012,240001,30011,2026-01-02,0,0,,0,0,,1,0,0,1,2026-01-02 22:36:16,2026-01-02 22:36:16
150013,240001,30012,2026-01-02,0,0,,0,0,,0,0,0,1,2026-01-02 22:36:16,2026-01-02 22:36:16
150014,240001,30013,2026-01-02,0,0,,0,0,,0,0,0,1,2026-01-02 22:36:16,2026-01-02 22:36:16
150015,240001,30014,2026-01-02,0,0,,0,0,,0,0,0,1,2026-01-02 22:36:16,2026-01-02 22:36:16
150016,240001,30015,2026-01-02,0,0,,0,0,,1,0,0,1,2026-01-02 22:36:16,2026-01-02 22:37:20
150017,240001,30016,2026-01-02,0,0,,0,0,,0,0,0,1,2026-01-02 22:36:16,2026-01-02 22:36:16
150018,240001,30017,2026-01-02,0,0,,0,0,,1,0,0,1,2026-01-02 22:36:16,2026-01-02 22:37:20
150019,240001,30018,2026-01-02,0,0,,0,0,,1,0,0,1,2026-01-02 22:36:16,2026-01-02 22:37:20
150020,240001,60001,2026-01-02,0,0,,0,0,,1,0,0,1,2026-01-02 22:36:16,2026-01-02 22:36:16
180001,390001,1,2026-01-12,0,0,,0,0,,1,0,0,1,2026-01-12 18:44:11,2026-01-12 18:47:59
180002,390001,2,2026-01-12,0,0,,0,0,,1,0,0,1,2026-01-12 18:44:11,2026-01-12 18:47:59
180003,390001,30001,2026-01-12,3,0,,3,0,,0,0,0,1,2026-01-12 18:44:11,2026-01-12 18:44:11
180004,390001,30002,2026-01-12,3,0,,2,0,,0,0,0,1,2026-01-12 18:44:11,2026-01-13 01:31:18
180005,390001,30003,2026-01-12,3,0,,3,0,,0,0,0,1,2026-01-12 18:44:11,2026-01-13 01:31:18
180006,390001,30004,2026-01-12,3,0,,3,0,,0,0,0,1,2026-01-12 18:44:11,2026-01-13 01:31:18
180007,390001,30006,2026-01-12,3,0,,2,0,,0,0,0,1,2026-01-12 18:44:11,2026-01-13 01:31:18
180008,390001,30008,2026-01-12,3,0,,3,1,,0,0,0,1,2026-01-12 18:44:11,2026-01-13 01:31:18
180009,390001,30009,2026-01-12,2,0,,0,0,,0,0,0,1,2026-01-12 18:44:11,2026-01-13 01:31:18
180010,390001,30010,2026-01-12,3,0,,3,0,,0,0,0,1,2026-01-12 18:44:11,2026-01-13 01:31:18
180011,390001,30011,2026-01-12,3,0,,3,0,,0,0,0,1,2026-01-12 18:44:11,2026-01-12 18:49:04
180012,390001,30012,2026-01-12,3,0,,0,0,,0,0,0,1,2026-01-12 18:44:11,2026-01-13 01:31:54
180013,390001,30013,2026-01-12,0,0,,0,0,,0,0,0,1,2026-01-12 18:44:11,2026-01-12 18:44:11
180014,390001,30014,2026-01-12,0,0,,0,0,,0,0,0,1,2026-01-12 18:44:11,2026-01-12 18:44:11
180015,390001,30018,2026-01-12,0,0,,0,0,,0,0,0,1,2026-01-12 18:44:11,2026-01-12 18:44:11
180016,390001,60001,2026-01-12,1,0,,0,0,,0,0,0,1,2026-01-12 18:44:11,2026-01-13 01:31:18
180017,390001,90020,2026-01-12,3,0,,3,0,,0,0,0,1,2026-01-12 18:44:11,2026-01-12 18:49:04
180018,390001,90023,2026-01-12,3,0,,3,0,,0,0,0,1,2026-01-12 18:44:11,2026-01-12 18:49:04
180019,390001,180001,2026-01-12,3,0,,3,0,,0,0,0,1,2026-01-12 18:44:11,2026-01-12 18:44:11
180020,390001,210001,2026-01-12,0,0,,0,0,,0,0,0,1,2026-01-12 18:44:11,2026-01-12 18:44:11
180021,390001,30007,2026-01-12,3,1,,0,0,,0,0,0,1,2026-01-12 18:46:17,2026-01-12 18:49:04
180022,390001,30015,2026-01-12,0,0,,0,0,,1,0,0,1,2026-01-12 18:46:17,2026-01-12 18:47:59
180023,390001,60002,2026-01-12,3,0,,3,1,,0,0,0,1,2026-01-12 18:46:17,2026-01-12 18:49:04
180024,390001,120001,2026-01-12,3,0,,3,1,,0,0,0,1,2026-01-12 18:46:17,2026-01-13 01:31:19
210001,420001,1,2026-01-13,3,1,,3,1,,0,0,0,1,2026-01-14 14:55:28,2026-01-14 16:22:37
210002,420001,2,2026-01-13,2,0,,2,0,,0,0,0,1,2026-01-14 14:55:28,2026-01-14 16:22:37
210003,420001,30001,2026-01-13,3,1,,1,0,,0,0,0,1,2026-01-14 14:55:28,2026-01-14 16:25:05
210004,420001,30002,2026-01-13,3,1,,3,1,,0,0,0,1,2026-01-14 14:55:28,2026-01-14 16:21:51
210005,420001,30003,2026-01-13,3,0,,3,0,,0,0,0,1,2026-01-14 14:55:28,2026-01-14 16:25:05
210006,420001,30004,2026-01-13,3,0,,0,0,,0,0,0,1,2026-01-14 14:55:28,2026-01-14 16:25:05
210007,420001,30006,2026-01-13,3,0,,0,0,,0,0,0,1,2026-01-14 14:55:28,2026-01-14 16:25:05
210008,420001,30008,2026-01-13,3,0,,3,1,,0,0,0,1,2026-01-14 14:55:28,2026-01-14 16:25:05
210009,420001,30009,2026-01-13,1,0,,0,0,,0,0,0,1,2026-01-14 14:55:28,2026-01-14 16:25:05
210010,420001,30010,2026-01-13,3,0,,3,0,,0,0,0,1,2026-01-14 14:55:28,2026-01-14 16:25:05
210011,420001,30011,2026-01-13,3,0,,3,0,,0,0,0,1,2026-01-14 14:55:28,2026-01-14 16:25:05
210012,420001,30012,2026-01-13,3,1,,3,0,,0,0,0,1,2026-01-14 14:55:28,2026-01-14 16:25:05
210013,420001,30013,2026-01-13,3,0,,2,0,,0,0,0,1,2026-01-14 14:55:28,2026-01-14 16:25:05
210014,420001,30014,2026-01-13,1,0,,3,0,,0,0,0,1,2026-01-14 14:55:29,2026-01-14 16:25:05
210015,420001,30018,2026-01-13,1,0,,0,0,,0,0,0,1,2026-01-14 14:55:29,2026-01-14 16:25:05
210016,420001,90020,2026-01-13,3,0,,3,1,,0,0,0,1,2026-01-14 14:55:29,2026-01-14 16:25:05
210017,420001,90023,2026-01-13,3,0,,3,0,,0,0,0,1,2026-01-14 14:55:29,2026-01-14 16:25:05
210018,420001,120001,2026-01-13,3,0,,3,0,,0,0,0,1,2026-01-14 14:55:29,2026-01-14 16:25:05
210019,420001,180001,2026-01-13,3,0,,0,0,,0,0,0,1,2026-01-14 14:55:29,2026-01-14 16:21:51
210020,420001,210001,2026-01-13,2,0,,0,0,,0,0,0,1,2026-01-14 14:55:29,2026-01-14 16:25:05
240001,450001,1,2026-01-14,0,0,,0,0,,1,0,0,1,2026-01-14 16:27:13,2026-01-14 22:08:00
240002,450001,2,2026-01-14,0,0,,0,0,,1,0,0,1,2026-01-14 16:27:14,2026-01-14 22:08:00
240003,450001,30001,2026-01-14,3,0,,3,0,,0,0,0,1,2026-01-14 16:27:14,2026-01-14 16:28:07
240004,450001,30002,2026-01-14,3,0,,0,0,,0,0,0,1,2026-01-14 16:27:14,2026-01-14 16:27:14
240005,450001,30003,2026-01-14,3,0,,2,0,,0,0,0,1,2026-01-14 16:27:14,2026-01-14 22:10:45
240006,450001,30004,2026-01-14,0,0,,0,0,,1,0,0,1,2026-01-14 16:27:14,2026-01-14 22:08:00
240007,450001,30006,2026-01-14,3,0,,0,0,,0,0,0,1,2026-01-14 16:27:14,2026-01-14 22:10:45
240008,450001,30008,2026-01-14,2,0,,1,0,,0,0,0,1,2026-01-14 16:27:14,2026-01-14 22:10:45
240009,450001,30010,2026-01-14,3,0,,3,1,,0,0,0,1,2026-01-14 16:27:14,2026-01-14 22:10:45
240010,450001,30011,2026-01-14,3,0,,3,1,,0,0,0,1,2026-01-14 16:27:14,2026-01-14 22:10:45
240011,450001,30012,2026-01-14,3,0,,0,0,,0,0,0,1,2026-01-14 16:27:14,2026-01-14 22:10:45
240012,450001,30013,2026-01-14,3,0,,3,1,,0,0,0,1,2026-01-14 16:27:14,2026-01-14 16:28:07
240013,450001,30014,2026-01-14,3,1,,3,1,,0,0,0,1,2026-01-14 16:27:14,2026-01-14 22:10:45
240014,450001,30017,2026-01-14,3,0,,3,0,,0,0,0,1,2026-01-14 16:27:14,2026-01-14 22:10:46
240015,450001,60002,2026-01-14,1,0,,3,1,,0,0,0,1,2026-01-14 16:27:14,2026-01-14 22:10:46
240016,450001,90020,2026-01-14,3,0,,2,0,,0,0,0,1,2026-01-14 16:27:14,2026-01-14 16:28:07
240017,450001,90023,2026-01-14,3,0,,3,0,,0,0,0,1,2026-01-14 16:27:14,2026-01-14 22:10:46
240018,450001,120001,2026-01-14,3,0,,3,1,,0,0,0,1,2026-01-14 16:27:14,2026-01-14 22:10:46
240019,450001,180001,2026-01-14,3,0,,0,0,,0,0,0,1,2026-01-14 16:27:14,2026-01-14 22:12:00
240020,450001,210001,2026-01-14,0,0,,0,0,,1,0,0,1,2026-01-14 16:27:14,2026-01-14 22:08:00
270010,30001,180001,2026-02-02,3,0,,1,0,,0,0,0,1,2026-02-03 01:31:35,2026-02-03 01:31:35
270011,30001,90023,2026-02-02,3,1,,2,0,,0,0,0,1,2026-02-03 01:31:35,2026-02-03 01:31:35
270012,30001,30009,2026-02-02,3,0,,0,0,,0,0,0,1,2026-02-03 01:31:35,2026-02-03 01:31:35
270013,30001,120001,2026-02-02,3,0,,3,0,,0,0,0,1,2026-02-03 01:31:35,2026-02-03 01:31:35
270014,30001,30011,2026-02-02,3,0,,3,1,,0,0,0,1,2026-02-03 01:31:35,2026-02-03 01:31:35
270015,30001,210001,2026-02-02,3,1,,0,0,,0,0,0,1,2026-02-03 01:31:36,2026-02-03 01:31:36
300010,90002,30002,2026-02-03,2,0,,3,0,,0,0,0,1,2026-02-04 01:03:36,2026-02-04 01:03:36
300011,90002,180001,2026-02-03,3,0,,0,0,,0,0,0,1,2026-02-04 01:03:36,2026-02-04 01:03:36
300012,90002,1,2026-02-03,0,0,,0,0,,1,0,0,1,2026-02-04 01:03:36,2026-02-04 01:03:36
300013,90002,30006,2026-02-03,3,0,,0,0,,0,0,0,1,2026-02-04 01:03:36,2026-02-04 01:03:36
300014,90002,30003,2026-02-03,0,0,,0,0,,1,0,0,1,2026-02-04 01:03:36,2026-02-04 01:03:36
300015,90002,2,2026-02-03,0,0,,0,0,,1,0,0,1,2026-02-04 01:03:36,2026-02-04 01:03:36
300016,90002,30004,2026-02-03,3,0,,3,0,,0,0,0,1,2026-02-04 01:03:36,2026-02-04 01:03:36
300017,90002,30001,2026-02-03,2,0,,2,0,,0,0,0,1,2026-02-04 01:03:36,2026-02-04 01:03:36
300018,90002,30008,2026-02-03,3,0,,0,0,,0,0,0,1,2026-02-04 01:03:36,2026-02-04 01:03:36
300019,90002,90023,2026-02-03,3,0,,3,0,,0,0,0,1,2026-02-04 01:03:36,2026-02-04 01:03:36
300020,90002,30010,2026-02-03,3,0,,3,0,,0,0,0,1,2026-02-04 01:03:36,2026-02-04 01:03:36
300021,90002,30009,2026-02-03,0,0,,0,0,,1,0,0,1,2026-02-04 01:03:36,2026-02-04 01:03:36
300022,90002,120001,2026-02-03,3,0,,3,0,,0,0,0,1,2026-02-04 01:03:36,2026-02-04 01:03:36
300023,90002,30011,2026-02-03,3,1,,3,0,,0,0,0,1,2026-02-04 01:03:36,2026-02-04 01:03:36
300024,90002,60002,2026-02-03,3,0,,3,0,,0,0,0,1,2026-02-04 01:03:36,2026-02-04 01:03:36
300025,90002,30012,2026-02-03,3,0,,3,0,,0,0,0,1,2026-02-04 01:03:36,2026-02-04 01:03:36
300026,90002,30014,2026-02-03,3,0,,3,0,,0,0,0,1,2026-02-04 01:03:37,2026-02-04 01:03:37
300027,90002,30013,2026-02-03,3,0,,3,0,,0,0,0,1,2026-02-04 01:03:37,2026-02-04 01:03:37
300028,90002,30018,2026-02-03,0,0,,0,0,,1,0,0,1,2026-02-04 01:03:37,2026-02-04 01:03:37
300029,90002,210001,2026-02-03,0,0,,0,0,,1,0,0,1,2026-02-04 01:03:37,2026-02-04 01:03:37
