id,scheduleId,memberId,order,createdAt
1,2,180001,0,2026-02-02 14:46:08
2,2,30015,0,2026-02-02 14:46:08
3,2,30001,0,2026-02-02 14:46:08
4,2,30012,0,2026-02-02 14:46:08
5,2,60001,0,2026-02-02 14:46:08
6,2,2,0,2026-02-02 14:46:08
7,2,1,0,2026-02-02 14:46:08
8,2,120001,0,2026-02-02 14:46:08
9,2,30006,0,2026-02-02 14:46:08
10,2,30013,0,2026-02-02 14:46:08
11,2,30011,0,2026-02-02 14:46:08
12,2,30009,0,2026-02-02 14:46:08
13,2,30003,0,2026-02-02 14:46:08
14,2,30004,0,2026-02-02 14:46:08
15,2,210001,0,2026-02-02 14:46:08
16,2,30017,0,2026-02-02 14:46:08
17,2,30008,0,2026-02-02 14:46:08
18,2,90020,0,2026-02-02 14:46:08
19,2,90023,0,2026-02-02 14:46:08
20,2,60002,0,2026-02-02 14:46:08
30001,30001,30002,1,2026-02-02 17:22:15
30002,30001,180001,2,2026-02-02 17:22:15
30003,30001,1,3,2026-02-02 17:22:15
30004,30001,30006,4,2026-02-02 17:22:15
30005,30001,30003,5,2026-02-02 17:22:15
30006,30001,2,6,2026-02-02 17:22:15
30007,30001,30004,7,2026-02-02 17:22:15
30008,30001,30001,8,2026-02-02 17:22:15
30009,30001,30008,9,2026-02-02 17:22:15
30010,30001,90023,10,2026-02-02 17:22:15
30011,30001,30010,11,2026-02-02 17:22:15
30012,30001,30009,12,2026-02-02 17:22:15
30013,30001,120001,13,2026-02-02 17:22:15
30014,30001,30011,14,2026-02-02 17:22:15
30015,30001,60002,15,2026-02-02 17:22:15
30016,30001,30012,16,2026-02-02 17:22:15
30017,30001,30014,17,2026-02-02 17:22:15
30018,30001,30013,18,2026-02-02 17:22:15
30019,30001,30018,19,2026-02-02 17:22:15
30020,30001,210001,20,2026-02-02 17:22:15
60001,60001,30003,1,2026-02-03 01:38:18
60002,60001,90023,2,2026-02-03 01:38:18
60003,60001,90022,3,2026-02-03 01:38:18
60004,60001,30002,4,2026-02-03 01:38:18
60005,60001,90020,5,2026-02-03 01:38:18
60006,60001,1,6,2026-02-03 01:38:18
60007,60001,30010,7,2026-02-03 01:38:18
60008,60001,2,8,2026-02-03 01:38:18
60009,60001,90013,9,2026-02-03 01:38:18
60010,60001,180001,10,2026-02-03 01:38:18
60011,60001,30001,11,2026-02-03 01:38:18
60012,60001,60003,12,2026-02-03 01:38:18
60013,60001,30014,13,2026-02-03 01:38:18
60014,60001,90019,14,2026-02-03 01:38:18
60015,60001,30006,15,2026-02-03 01:38:18
60016,60001,30008,16,2026-02-03 01:38:18
60017,60001,30013,17,2026-02-03 01:38:18
60018,60001,30012,18,2026-02-03 01:38:18
60019,60001,90010,19,2026-02-03 01:38:18
60020,60001,90009,20,2026-02-03 01:38:19
60021,60001,120001,21,2026-02-03 01:38:19
60022,60001,30004,22,2026-02-03 01:38:19
60023,60001,90021,23,2026-02-03 01:38:19
60024,60001,90007,24,2026-02-03 01:38:19
60025,60002,30003,1,2026-02-03 01:38:54
60026,60002,90023,2,2026-02-03 01:38:54
60027,60002,90022,3,2026-02-03 01:38:54
60028,60002,30002,4,2026-02-03 01:38:54
60029,60002,90020,5,2026-02-03 01:38:54
60030,60002,1,6,2026-02-03 01:38:54
60031,60002,30010,7,2026-02-03 01:38:54
60032,60002,2,8,2026-02-03 01:38:54
60033,60002,90013,9,2026-02-03 01:38:54
60034,60002,180001,10,2026-02-03 01:38:54
60035,60002,30001,11,2026-02-03 01:38:54
60036,60002,60003,12,2026-02-03 01:38:54
60037,60002,30014,13,2026-02-03 01:38:54
60038,60002,90019,14,2026-02-03 01:38:54
60039,60002,30006,15,2026-02-03 01:38:54
60040,60002,30008,16,2026-02-03 01:38:54
60041,60002,30013,17,2026-02-03 01:38:54
60042,60002,30012,18,2026-02-03 01:38:54
60043,60002,90010,19,2026-02-03 01:38:54
60044,60002,90009,20,2026-02-03 01:38:54
60045,60002,120001,21,2026-02-03 01:38:54
60046,60002,30004,22,2026-02-03 01:38:54
60047,60002,90021,23,2026-02-03 01:38:54
60048,60002,90007,24,2026-02-03 01:38:54
60049,60002,60002,25,2026-02-03 01:38:54
60050,60003,30003,1,2026-02-03 01:44:58
60051,60003,90023,2,2026-02-03 01:44:58
60052,60003,90022,3,2026-02-03 01:44:58
60053,60003,30002,4,2026-02-03 01:44:58
60054,60003,90020,5,2026-02-03 01:44:58
60055,60003,1,6,2026-02-03 01:44:58
60056,60003,30010,7,2026-02-03 01:44:58
60057,60003,2,8,2026-02-03 01:44:58
60058,60003,90013,9,2026-02-03 01:44:58
60059,60003,180001,10,2026-02-03 01:44:58
60060,60003,30001,11,2026-02-03 01:44:58
60061,60003,60003,12,2026-02-03 01:44:58
60062,60003,30014,13,2026-02-03 01:44:58
60063,60003,90019,14,2026-02-03 01:44:58
60064,60003,30006,15,2026-02-03 01:44:58
60065,60003,30008,16,2026-02-03 01:44:58
60066,60003,30013,17,2026-02-03 01:44:58
60067,60003,30012,18,2026-02-03 01:44:58
60068,60003,90010,19,2026-02-03 01:44:58
60069,60003,90009,20,2026-02-03 01:44:58
60070,60003,120001,21,2026-02-03 01:44:58
60071,60003,30004,22,2026-02-03 01:44:58
60072,60003,90021,23,2026-02-03 01:44:58
60073,60003,90007,24,2026-02-03 01:44:58
60074,60003,60002,25,2026-02-03 01:44:58
90001,90001,30002,1,2026-02-04 00:54:33
90002,90001,180001,2,2026-02-04 00:54:33
90003,90001,1,3,2026-02-04 00:54:33
90004,90001,30006,4,2026-02-04 00:54:33
90005,90001,30003,5,2026-02-04 00:54:33
90006,90001,2,6,2026-02-04 00:54:33
90007,90001,30004,7,2026-02-04 00:54:33
90008,90001,30001,8,2026-02-04 00:54:33
90009,90001,30008,9,2026-02-04 00:54:33
90010,90001,90023,10,2026-02-04 00:54:33
90011,90001,30010,11,2026-02-04 00:54:33
90012,90001,30009,12,2026-02-04 00:54:33
90013,90001,120001,13,2026-02-04 00:54:33
90014,90001,30011,14,2026-02-04 00:54:33
90015,90001,60002,15,2026-02-04 00:54:33
90016,90001,30012,16,2026-02-04 00:54:33
90017,90001,30014,17,2026-02-04 00:54:33
90018,90001,30013,18,2026-02-04 00:54:33
90019,90001,30018,19,2026-02-04 00:54:33
90020,90001,210001,20,2026-02-04 00:54:33
90021,90002,30002,1,2026-02-04 00:56:26
90022,90002,180001,2,2026-02-04 00:56:26
90023,90002,1,3,2026-02-04 00:56:26
90024,90002,30006,4,2026-02-04 00:56:26
90025,90002,30003,5,2026-02-04 00:56:26
90026,90002,2,6,2026-02-04 00:56:26
90027,90002,30004,7,2026-02-04 00:56:26
90028,90002,30001,8,2026-02-04 00:56:26
90029,90002,30008,9,2026-02-04 00:56:26
90030,90002,90023,10,2026-02-04 00:56:26
90031,90002,30010,11,2026-02-04 00:56:26
90032,90002,30009,12,2026-02-04 00:56:26
90033,90002,120001,13,2026-02-04 00:56:26
90034,90002,30011,14,2026-02-04 00:56:26
90035,90002,60002,15,2026-02-04 00:56:26
90036,90002,30012,16,2026-02-04 00:56:26
90037,90002,30014,17,2026-02-04 00:56:26
90038,90002,30013,18,2026-02-04 00:56:26
90039,90002,30018,19,2026-02-04 00:56:26
90040,90002,210001,20,2026-02-04 00:56:26
120001,120001,30002,1,2026-02-04 13:39:23
120002,120001,1,2,2026-02-04 13:39:23
120003,120001,180001,3,2026-02-04 13:39:23
120004,120001,30006,4,2026-02-04 13:39:23
120005,120001,30003,5,2026-02-04 13:39:23
120006,120001,2,6,2026-02-04 13:39:23
120007,120001,30004,7,2026-02-04 13:39:23
120008,120001,30001,8,2026-02-04 13:39:23
120009,120001,60001,9,2026-02-04 13:39:23
120010,120001,30008,10,2026-02-04 13:39:23
120011,120001,30010,11,2026-02-04 13:39:23
120012,120001,30009,12,2026-02-04 13:39:23
120013,120001,90023,13,2026-02-04 13:39:23
120014,120001,120001,14,2026-02-04 13:39:23
120015,120001,90020,15,2026-02-04 13:39:23
120016,120001,30011,16,2026-02-04 13:39:23
120017,120001,60002,17,2026-02-04 13:39:23
120018,120001,30012,18,2026-02-04 13:39:23
120019,120001,30014,19,2026-02-04 13:39:23
120020,120001,30013,20,2026-02-04 13:39:23
150001,150001,30002,1,2026-02-05 13:49:05
150002,150001,1,2,2026-02-05 13:49:05
150003,150001,180001,3,2026-02-05 13:49:05
150004,150001,30003,4,2026-02-05 13:49:05
150005,150001,30006,5,2026-02-05 13:49:05
150006,150001,2,6,2026-02-05 13:49:05
150007,150001,30004,7,2026-02-05 13:49:05
150008,150001,30001,8,2026-02-05 13:49:05
150009,150001,90023,9,2026-02-05 13:49:05
150010,150001,30008,10,2026-02-05 13:49:05
150011,150001,30010,11,2026-02-05 13:49:05
150012,150001,30009,12,2026-02-05 13:49:05
150013,150001,120001,13,2026-02-05 13:49:05
150014,150001,90020,14,2026-02-05 13:49:05
150015,150001,30011,15,2026-02-05 13:49:05
150016,150001,60002,16,2026-02-05 13:49:05
150017,150001,30012,17,2026-02-05 13:49:05
150018,150001,30014,18,2026-02-05 13:49:05
150019,150001,30013,19,2026-02-05 13:49:05
150020,150001,30018,20,2026-02-05 13:49:05
180001,180001,30002,1,2026-02-06 13:42:46
180002,180001,180001,2,2026-02-06 13:42:47
180003,180001,1,3,2026-02-06 13:42:47
180004,180001,30003,4,2026-02-06 13:42:47
180005,180001,30006,5,2026-02-06 13:42:47
180006,180001,2,6,2026-02-06 13:42:47
180007,180001,30004,7,2026-02-06 13:42:47
180008,180001,30001,8,2026-02-06 13:42:47
180009,180001,90023,9,2026-02-06 13:42:47
180010,180001,30008,10,2026-02-06 13:42:47
180011,180001,30009,11,2026-02-06 13:42:47
180012,180001,30010,12,2026-02-06 13:42:47
180013,180001,120001,13,2026-02-06 13:42:47
180014,180001,90020,14,2026-02-06 13:42:47
180015,180001,30011,15,2026-02-06 13:42:47
180016,180001,60002,16,2026-02-06 13:42:47
180017,180001,30012,17,2026-02-06 13:42:47
180018,180001,30014,18,2026-02-06 13:42:47
180019,180001,30013,19,2026-02-06 13:42:47
180020,180001,210001,20,2026-02-06 13:42:47
210001,210001,90001,1,2026-02-21 16:04:02
210002,210001,90002,2,2026-02-21 16:04:02
210003,210002,90001,1,2026-02-21 16:05:03
210004,210002,90002,2,2026-02-21 16:05:03
210005,210002,60003,3,2026-02-21 16:05:03
210006,210002,90005,4,2026-02-21 16:05:03
210007,210002,90006,5,2026-02-21 16:05:03
210008,210002,90007,6,2026-02-21 16:05:03
210009,210003,90001,1,2026-02-21 16:06:33
210010,210003,90002,2,2026-02-21 16:06:33
210011,210003,60003,3,2026-02-21 16:06:33
210012,210003,90005,4,2026-02-21 16:06:33
210013,210003,90006,5,2026-02-21 16:06:33
210014,210003,90007,6,2026-02-21 16:06:33
210015,210003,90023,7,2026-02-21 16:06:33
210016,210003,150002,8,2026-02-21 16:06:33
210017,210003,150001,9,2026-02-21 16:06:33
210018,210003,30013,10,2026-02-21 16:06:33
210019,210003,90022,11,2026-02-21 16:06:33
210020,210003,60002,12,2026-02-21 16:06:33
210021,210003,1,13,2026-02-21 16:06:33
210022,210003,90008,14,2026-02-21 16:06:33
240001,240001,90001,1,2026-02-21 16:20:57
240002,240001,90002,2,2026-02-21 16:20:57
240003,240001,60003,3,2026-02-21 16:20:57
240004,240001,90005,4,2026-02-21 16:20:57
240005,240001,90006,5,2026-02-21 16:20:57
240006,240001,90007,6,2026-02-21 16:20:57
240007,240001,90023,7,2026-02-21 16:20:57
240008,240001,150002,8,2026-02-21 16:20:57
240009,240001,150001,9,2026-02-21 16:20:57
240010,240001,30013,10,2026-02-21 16:20:57
240011,240001,90022,11,2026-02-21 16:20:58
240012,240001,60002,12,2026-02-21 16:20:58
240013,240001,1,13,2026-02-21 16:20:58
240014,240001,90008,14,2026-02-21 16:20:58
240015,240001,270002,15,2026-02-21 16:20:58
240016,240001,2,16,2026-02-21 16:20:58
240017,240001,90012,17,2026-02-21 16:20:58
240018,240001,30006,18,2026-02-21 16:20:58
240019,240001,90013,19,2026-02-21 16:20:58
240020,240001,30010,20,2026-02-21 16:20:58
240021,240002,90001,1,2026-02-21 16:23:36
240022,240002,90002,2,2026-02-21 16:23:36
240023,240002,60003,3,2026-02-21 16:23:36
240024,240002,90005,4,2026-02-21 16:23:36
240025,240002,90006,5,2026-02-21 16:23:36
240026,240002,90007,6,2026-02-21 16:23:36
240027,240002,90023,7,2026-02-21 16:23:36
240028,240002,150002,8,2026-02-21 16:23:36
240029,240002,150001,9,2026-02-21 16:23:36
240030,240002,30013,10,2026-02-21 16:23:36
240031,240002,90022,11,2026-02-21 16:23:36
240032,240002,60002,12,2026-02-21 16:23:36
240033,240002,1,13,2026-02-21 16:23:36
240034,240002,90008,14,2026-02-21 16:23:36
240035,240002,270002,15,2026-02-21 16:23:36
240036,240002,2,16,2026-02-21 16:23:36
240037,240002,90012,17,2026-02-21 16:23:36
240038,240002,30006,18,2026-02-21 16:23:36
240039,240002,90013,19,2026-02-21 16:23:37
240040,240002,30010,20,2026-02-21 16:23:37
240041,240002,270005,21,2026-02-21 16:23:37
240042,240002,30002,22,2026-02-21 16:23:37
240043,240002,90017,23,2026-02-21 16:23:37
240044,240003,90001,1,2026-02-21 16:25:23
240045,240003,90002,2,2026-02-21 16:25:23
240046,240003,60003,3,2026-02-21 16:25:23
240047,240003,90005,4,2026-02-21 16:25:23
240048,240003,90006,5,2026-02-21 16:25:23
240049,240003,90007,6,2026-02-21 16:25:23
240050,240003,90023,7,2026-02-21 16:25:23
240051,240003,150002,8,2026-02-21 16:25:23
240052,240003,150001,9,2026-02-21 16:25:23
240053,240003,30013,10,2026-02-21 16:25:23
240054,240003,90022,11,2026-02-21 16:25:23
240055,240003,60002,12,2026-02-21 16:25:23
240056,240003,1,13,2026-02-21 16:25:23
240057,240003,90008,14,2026-02-21 16:25:23
240058,240003,270002,15,2026-02-21 16:25:23
240059,240003,2,16,2026-02-21 16:25:23
240060,240003,90012,17,2026-02-21 16:25:23
240061,240003,30006,18,2026-02-21 16:25:23
240062,240003,90013,19,2026-02-21 16:25:23
240063,240003,30010,20,2026-02-21 16:25:23
240064,240003,270005,21,2026-02-21 16:25:23
240065,240003,30002,22,2026-02-21 16:25:23
240066,240003,90017,23,2026-02-21 16:25:24
240067,240003,270006,24,2026-02-21 16:25:24
240068,240003,90018,25,2026-02-21 16:25:24
240069,240004,90001,1,2026-02-21 16:26:08
240070,240004,90002,2,2026-02-21 16:26:08
240071,240004,60003,3,2026-02-21 16:26:08
240072,240004,90005,4,2026-02-21 16:26:08
240073,240004,90006,5,2026-02-21 16:26:08
240074,240004,90007,6,2026-02-21 16:26:08
240075,240004,90023,7,2026-02-21 16:26:08
240076,240004,150002,8,2026-02-21 16:26:08
240077,240004,150001,9,2026-02-21 16:26:08
240078,240004,30013,10,2026-02-21 16:26:08
240079,240004,90022,11,2026-02-21 16:26:08
240080,240004,60002,12,2026-02-21 16:26:08
240081,240004,1,13,2026-02-21 16:26:08
240082,240004,90008,14,2026-02-21 16:26:08
240083,240004,270002,15,2026-02-21 16:26:08
240084,240004,2,16,2026-02-21 16:26:08
240085,240004,90012,17,2026-02-21 16:26:08
240086,240004,30006,18,2026-02-21 16:26:08
240087,240004,90013,19,2026-02-21 16:26:08
240088,240004,30010,20,2026-02-21 16:26:08
240089,240004,270005,21,2026-02-21 16:26:08
240090,240004,30002,22,2026-02-21 16:26:08
240091,240004,90017,23,2026-02-21 16:26:08
240092,240004,270006,24,2026-02-21 16:26:08
240093,240004,90018,25,2026-02-21 16:26:08
240094,240004,90010,26,2026-02-21 16:26:08
240095,240004,180001,27,2026-02-21 16:26:08
240096,240004,30001,28,2026-02-21 16:26:08
240097,240004,30012,29,2026-02-21 16:26:08
240098,240004,240003,30,2026-02-21 16:26:08
240099,240004,270004,31,2026-02-21 16:26:08
240100,240004,30009,32,2026-02-21 16:26:08
240101,240004,30003,33,2026-02-21 16:26:08
240102,240004,270003,34,2026-02-21 16:26:08
240103,240004,90015,35,2026-02-21 16:26:08
240104,240004,30017,36,2026-02-21 16:26:08
240105,240004,240002,37,2026-02-21 16:26:08
240106,240004,30008,38,2026-02-21 16:26:08
240107,240004,90016,39,2026-02-21 16:26:08
240108,240004,30018,40,2026-02-21 16:26:08
240109,240005,90001,1,2026-02-21 16:38:25
240110,240005,90002,2,2026-02-21 16:38:25
240111,240005,60003,3,2026-02-21 16:38:25
240112,240005,90005,4,2026-02-21 16:38:25
240113,240005,90006,5,2026-02-21 16:38:25
240114,240005,90007,6,2026-02-21 16:38:25
240115,240005,90023,7,2026-02-21 16:38:25
240116,240005,150002,8,2026-02-21 16:38:25
240117,240005,150001,9,2026-02-21 16:38:25
240118,240005,30013,10,2026-02-21 16:38:25
240119,240005,90022,11,2026-02-21 16:38:25
240120,240005,60002,12,2026-02-21 16:38:25
240121,240005,1,13,2026-02-21 16:38:25
240122,240005,90008,14,2026-02-21 16:38:25
240123,240005,270002,15,2026-02-21 16:38:25
240124,240005,2,16,2026-02-21 16:38:25
240125,240005,90012,17,2026-02-21 16:38:25
240126,240005,30006,18,2026-02-21 16:38:25
240127,240005,90013,19,2026-02-21 16:38:25
240128,240005,30010,20,2026-02-21 16:38:25
240129,240005,270005,21,2026-02-21 16:38:25
240130,240005,30002,22,2026-02-21 16:38:25
240131,240005,90017,23,2026-02-21 16:38:25
240132,240005,270006,24,2026-02-21 16:38:25
240133,240005,90018,25,2026-02-21 16:38:25
240134,240005,90010,26,2026-02-21 16:38:25
240135,240005,180001,27,2026-02-21 16:38:25
240136,240005,30001,28,2026-02-21 16:38:25
240137,240005,30012,29,2026-02-21 16:38:25
240138,240005,240003,30,2026-02-21 16:38:25
240139,240005,270004,31,2026-02-21 16:38:25
240140,240005,30009,32,2026-02-21 16:38:25
240141,240005,30003,33,2026-02-21 16:38:25
240142,240005,270003,34,2026-02-21 16:38:25
240143,240005,90015,35,2026-02-21 16:38:25
240144,240005,30017,36,2026-02-21 16:38:25
240145,240005,240002,37,2026-02-21 16:38:25
240146,240005,30008,38,2026-02-21 16:38:25
240147,240005,90016,39,2026-02-21 16:38:25
240148,240005,30018,40,2026-02-21 16:38:25
240149,240006,90001,1,2026-02-21 16:40:04
240150,240006,90002,2,2026-02-21 16:40:04
240151,240006,60003,3,2026-02-21 16:40:04
240152,240006,90005,4,2026-02-21 16:40:04
240153,240006,90006,5,2026-02-21 16:40:04
240154,240006,90007,6,2026-02-21 16:40:04
240155,240006,90023,7,2026-02-21 16:40:04
240156,240006,150002,8,2026-02-21 16:40:04
240157,240006,150001,9,2026-02-21 16:40:04
240158,240006,30013,10,2026-02-21 16:40:04
240159,240006,90022,11,2026-02-21 16:40:04
240160,240006,60002,12,2026-02-21 16:40:04
240161,240006,1,13,2026-02-21 16:40:04
240162,240006,90008,14,2026-02-21 16:40:04
240163,240006,270002,15,2026-02-21 16:40:04
240164,240006,2,16,2026-02-21 16:40:04
240165,240006,90012,17,2026-02-21 16:40:04
240166,240006,30006,18,2026-02-21 16:40:04
240167,240006,90013,19,2026-02-21 16:40:04
240168,240006,30010,20,2026-02-21 16:40:04
240169,240006,270005,21,2026-02-21 16:40:04
240170,240006,30002,22,2026-02-21 16:40:04
240171,240006,90017,23,2026-02-21 16:40:04
240172,240006,270006,24,2026-02-21 16:40:04
240173,240006,90018,25,2026-02-21 16:40:04
240174,240006,90010,26,2026-02-21 16:40:04
240175,240006,180001,27,2026-02-21 16:40:04
240176,240006,30001,28,2026-02-21 16:40:04
240177,240006,30012,29,2026-02-21 16:40:04
240178,240006,240003,30,2026-02-21 16:40:04
240179,240006,270004,31,2026-02-21 16:40:04
240180,240006,30009,32,2026-02-21 16:40:04
240181,240006,30003,33,2026-02-21 16:40:04
240182,240006,270003,34,2026-02-21 16:40:04
240183,240006,90015,35,2026-02-21 16:40:04
240184,240006,240002,36,2026-02-21 16:40:04
240185,240006,30008,37,2026-02-21 16:40:04
240186,240006,90016,38,2026-02-21 16:40:04
240187,240006,30018,39,2026-02-21 16:40:04
240188,240006,30014,40,2026-02-21 16:40:04
240189,240007,90010,1,2026-02-21 16:41:05
240190,240007,180001,2,2026-02-21 16:41:05
240191,240007,150001,3,2026-02-21 16:41:05
240192,240007,150002,4,2026-02-21 16:41:05
240193,240007,90013,5,2026-02-21 16:41:05
240194,240007,30001,6,2026-02-21 16:41:05
240195,240007,30012,7,2026-02-21 16:41:05
240196,240007,90017,8,2026-02-21 16:41:05
240197,240007,240003,9,2026-02-21 16:41:05
240198,240007,2,10,2026-02-21 16:41:05
240199,240007,1,11,2026-02-21 16:41:05
240200,240007,270004,12,2026-02-21 16:41:05
240201,240007,120001,13,2026-02-21 16:41:05
240202,240007,60003,14,2026-02-21 16:41:05
240203,240007,30006,15,2026-02-21 16:41:05
240204,240007,30013,16,2026-02-21 16:41:05
240205,240007,30003,17,2026-02-21 16:41:05
240206,240007,270003,18,2026-02-21 16:41:05
240207,240007,270002,19,2026-02-21 16:41:05
240208,240007,90001,20,2026-02-21 16:41:05
240209,240007,90018,21,2026-02-21 16:41:05
240210,240007,90015,22,2026-02-21 16:41:05
240211,240007,240002,23,2026-02-21 16:41:05
240212,240007,30008,24,2026-02-21 16:41:05
240213,240007,90007,25,2026-02-21 16:41:05
240214,240007,270006,26,2026-02-21 16:41:06
240215,240007,90012,27,2026-02-21 16:41:06
240216,240007,270005,28,2026-02-21 16:41:06
240217,240007,90006,29,2026-02-21 16:41:06
240218,240007,90023,30,2026-02-21 16:41:06
240219,240007,90022,31,2026-02-21 16:41:06
240220,240007,60002,32,2026-02-21 16:41:06
240221,240007,90002,33,2026-02-21 16:41:06
240222,240007,90016,34,2026-02-21 16:41:06
240223,240007,30002,35,2026-02-21 16:41:06
240224,240007,90005,36,2026-02-21 16:41:06
240225,240007,90008,37,2026-02-21 16:41:06
240226,240007,30018,38,2026-02-21 16:41:06
240227,240007,30010,39,2026-02-21 16:41:06
240228,240007,30014,40,2026-02-21 16:41:06
270001,270001,240003,1,2026-02-26 13:37:17
270002,270001,30002,2,2026-02-26 13:37:17
270003,270001,180001,3,2026-02-26 13:37:17
270004,270001,30006,4,2026-02-26 13:37:17
270005,270001,1,5,2026-02-26 13:37:17
270006,270001,30003,6,2026-02-26 13:37:17
270007,270001,2,7,2026-02-26 13:37:17
270008,270001,30004,8,2026-02-26 13:37:17
270009,270001,30001,9,2026-02-26 13:37:17
270010,270001,240002,10,2026-02-26 13:37:17
270011,270001,90023,11,2026-02-26 13:37:17
270012,270001,30008,12,2026-02-26 13:37:17
270013,270001,30009,13,2026-02-26 13:37:17
270014,270001,30010,14,2026-02-26 13:37:17
270015,270001,30011,15,2026-02-26 13:37:17
270016,270001,120001,16,2026-02-26 13:37:17
270017,270002,240003,1,2026-02-26 13:37:55
270018,270002,30002,2,2026-02-26 13:37:55
270019,270002,180001,3,2026-02-26 13:37:55
270020,270002,30006,4,2026-02-26 13:37:55
270021,270002,1,5,2026-02-26 13:37:55
270022,270002,30003,6,2026-02-26 13:37:55
270023,270002,2,7,2026-02-26 13:37:55
270024,270002,30004,8,2026-02-26 13:37:55
270025,270002,30001,9,2026-02-26 13:37:55
270026,270002,240002,10,2026-02-26 13:37:55
270027,270002,90023,11,2026-02-26 13:37:55
270028,270002,30008,12,2026-02-26 13:37:55
270029,270002,30009,13,2026-02-26 13:37:55
270030,270002,30010,14,2026-02-26 13:37:55
270031,270002,30011,15,2026-02-26 13:37:55
270032,270002,120001,16,2026-02-26 13:37:55
270033,270002,60002,17,2026-02-26 13:37:55
270034,270002,30012,18,2026-02-26 13:37:55
270035,270002,30013,19,2026-02-26 13:37:55
270036,270002,30014,20,2026-02-26 13:37:55
300001,300001,90010,1,2026-02-26 14:30:55
300002,300001,180001,2,2026-02-26 14:30:55
300003,300001,150001,3,2026-02-26 14:30:55
300004,300001,150002,4,2026-02-26 14:30:55
300005,300001,90013,5,2026-02-26 14:30:55
300006,300001,30012,6,2026-02-26 14:30:55
300007,300001,90017,7,2026-02-26 14:30:55
300008,300001,240003,8,2026-02-26 14:30:55
300009,300001,2,9,2026-02-26 14:30:55
300010,300001,1,10,2026-02-26 14:30:55
300011,300001,120001,11,2026-02-26 14:30:55
300012,300001,60003,12,2026-02-26 14:30:55
300013,300001,30006,13,2026-02-26 14:30:55
300014,300001,30013,14,2026-02-26 14:30:55
300015,300001,30003,15,2026-02-26 14:30:55
300016,300001,270003,16,2026-02-26 14:30:55
300017,300001,270002,17,2026-02-26 14:30:55
300018,300001,90001,18,2026-02-26 14:30:55
300019,300001,90018,19,2026-02-26 14:30:55
300020,300001,90015,20,2026-02-26 14:30:55
300021,300001,240002,21,2026-02-26 14:30:55
300022,300001,30008,22,2026-02-26 14:30:55
300023,300001,90007,23,2026-02-26 14:30:55
300024,300001,270006,24,2026-02-26 14:30:56
300025,300001,90012,25,2026-02-26 14:30:56
300026,300001,90006,26,2026-02-26 14:30:56
300027,300001,270005,27,2026-02-26 14:30:56
300028,300001,90023,28,2026-02-26 14:30:56
300029,300001,90022,29,2026-02-26 14:30:56
300030,300001,60002,30,2026-02-26 14:30:56
300031,300001,90002,31,2026-02-26 14:30:56
300032,300001,30002,32,2026-02-26 14:30:56
300033,300001,90016,33,2026-02-26 14:30:56
300034,300001,90008,34,2026-02-26 14:30:56
300035,300001,90005,35,2026-02-26 14:30:56
300036,300001,30018,36,2026-02-26 14:30:56
300037,300001,30010,37,2026-02-26 14:30:56
300038,300001,30014,38,2026-02-26 14:30:56
300039,300002,90010,1,2026-02-26 14:31:26
300040,300002,180001,2,2026-02-26 14:31:26
300041,300002,150001,3,2026-02-26 14:31:26
300042,300002,150002,4,2026-02-26 14:31:26
300043,300002,90013,5,2026-02-26 14:31:26
300044,300002,30012,6,2026-02-26 14:31:26
300045,300002,90017,7,2026-02-26 14:31:26
300046,300002,240003,8,2026-02-26 14:31:26
300047,300002,2,9,2026-02-26 14:31:26
300048,300002,1,10,2026-02-26 14:31:26
300049,300002,120001,11,2026-02-26 14:31:26
300050,300002,60003,12,2026-02-26 14:31:26
300051,300002,30006,13,2026-02-26 14:31:26
300052,300002,30013,14,2026-02-26 14:31:26
300053,300002,30003,15,2026-02-26 14:31:26
300054,300002,270003,16,2026-02-26 14:31:26
300055,300002,270002,17,2026-02-26 14:31:26
300056,300002,90001,18,2026-02-26 14:31:26
300057,300002,90018,19,2026-02-26 14:31:26
300058,300002,90015,20,2026-02-26 14:31:27
300059,300002,240002,21,2026-02-26 14:31:27
300060,300002,30008,22,2026-02-26 14:31:27
300061,300002,90007,23,2026-02-26 14:31:27
300062,300002,270006,24,2026-02-26 14:31:27
300063,300002,90012,25,2026-02-26 14:31:27
300064,300002,90006,26,2026-02-26 14:31:27
300065,300002,270005,27,2026-02-26 14:31:27
300066,300002,90023,28,2026-02-26 14:31:27
300067,300002,90022,29,2026-02-26 14:31:27
300068,300002,60002,30,2026-02-26 14:31:27
300069,300002,90002,31,2026-02-26 14:31:27
300070,300002,30002,32,2026-02-26 14:31:27
300071,300002,90016,33,2026-02-26 14:31:27
300072,300002,90008,34,2026-02-26 14:31:27
300073,300002,90005,35,2026-02-26 14:31:27
300074,300002,30018,36,2026-02-26 14:31:27
300075,300002,30010,37,2026-02-26 14:31:27
300076,300002,30014,38,2026-02-26 14:31:27
300077,300002,30001,39,2026-02-26 14:31:27
300078,300002,270004,40,2026-02-26 14:31:27
